Type,Name,Request Count,Failure Count,Median Response Time,Average Response Time,Min Response Time,Max Response Time,Average Content Size,Requests/s,Failures/s,50%,66%,75%,80%,90%,95%,98%,99%,99.9%,99.99%,100%
POST,/invocations (stream),101506,3570,920.0,1973.2143647665068,6.54074999988552,1005873.3253329999,0.0,45.10674445088777,1.5864193022054787,920,1100,1400,1600,2400,3500,5100,7900,209000,957000,1006000
CUSTOM,TTFT,97936,0,1500.0,2057.011722453599,412.1580409998842,312315.082209,0.0,43.52032514868229,0.0,1500,1900,2200,2300,2900,3800,5300,8200,84000,244000,312000
,Aggregated,199442,3570,1100.0,2014.3630597377,6.54074999988552,1005873.3253329999,0.0,88.62706959957005,1.5864193022054787,1100,1600,1900,2100,2700,3700,5200,8000,108000,655000,1006000
