Type,Name,Request Count,Failure Count,Median Response Time,Average Response Time,Min Response Time,Max Response Time,Average Content Size,Requests/s,Failures/s,50%,66%,75%,80%,90%,95%,98%,99%,99.9%,99.99%,100%
POST,/invocations (stream),49867,16,920.0,990.8821692791664,4.9272080000264395,3523.0469589999984,0.0,99.67387035672778,0.03198070719529237,920,1000,1100,1100,1200,1500,2100,2300,2700,3500,3500
CUSTOM,TTFT,49851,0,1100.0,1239.1115307511086,707.2775419999999,4012.9572499999995,0.0,99.64188964953249,0.0,1100,1300,1500,1500,1900,2400,2800,3000,3700,4000,4000
,Aggregated,99718,16,980.0,1114.9769355072901,4.9272080000264395,4012.9572499999995,0.0,199.31576000626026,0.03198070719529237,980,1100,1200,1300,1600,2100,2500,2800,3500,4000,4000
