Type,Name,Request Count,Failure Count,Median Response Time,Average Response Time,Min Response Time,Max Response Time,Average Content Size,Requests/s,Failures/s,50%,66%,75%,80%,90%,95%,98%,99%,99.9%,99.99%,100%
POST,/invocations (stream),49321,5,920.0,987.5196453751768,8.386374999986401,3096.313500000008,0.0,98.57519990720857,0.009993228027332025,920,1000,1100,1100,1200,1400,2000,2200,2600,2900,3100
CUSTOM,TTFT,49316,0,1100.0,1242.7931644439193,704.4407909999996,3756.3647919999994,0.0,98.56520667918124,0.0,1100,1300,1500,1600,1900,2300,2700,2900,3400,3600,3800
,Aggregated,98637,5,990.0,1115.1499348851487,8.386374999986401,3756.3647919999994,0.0,197.14040658638982,0.009993228027332025,990,1100,1200,1300,1700,2000,2500,2700,3200,3500,3800
