Type,Name,Request Count,Failure Count,Median Response Time,Average Response Time,Min Response Time,Max Response Time,Average Content Size,Requests/s,Failures/s,50%,66%,75%,80%,90%,95%,98%,99%,99.9%,99.99%,100%
POST,/invocations (stream),48910,13,910.0,974.3333379821621,5.017624999993586,3618.9721249999707,0.0,97.78199190579517,0.025989897664594912,910,1000,1100,1100,1200,1400,1700,2200,2800,3400,3600
CUSTOM,TTFT,48897,0,1100.0,1206.922085496209,706.4320000000004,4197.227583000029,0.0,97.75600200813057,0.0,1100,1300,1500,1600,1800,2000,2600,2900,3700,4200,4200
,Aggregated,97807,13,970.0,1090.6122544931998,5.017624999993586,4197.227583000029,0.0,195.53799391392573,0.025989897664594912,970,1100,1200,1300,1600,1800,2300,2700,3500,3900,4200
