Type,Name,Request Count,Failure Count,Median Response Time,Average Response Time,Min Response Time,Max Response Time,Average Content Size,Requests/s,Failures/s,50%,66%,75%,80%,90%,95%,98%,99%,99.9%,99.99%,100%
POST,/invocations (stream),24524,7,1100.0,1164.6415277950236,4.252249999979085,3692.8886249999664,0.0,49.04056936056109,0.013997879037837533,1100,1200,1300,1400,1800,2000,2400,2700,3500,3600,3700
CUSTOM,TTFT,24517,0,1600.0,1743.5372287006867,668.2393749999989,4822.221167000009,0.0,49.026571481523256,0.0,1600,2000,2300,2500,2900,3200,3500,3800,4400,4800,4800
,Aggregated,49041,7,1200.0,1454.0480631247242,4.252249999979085,4822.221167000009,0.0,98.06714084208436,0.013997879037837533,1200,1500,1800,2000,2500,2900,3300,3500,4300,4700,4800
