Type,Name,Request Count,Failure Count,Median Response Time,Average Response Time,Min Response Time,Max Response Time,Average Content Size,Requests/s,Failures/s,50%,66%,75%,80%,90%,95%,98%,99%,99.9%,99.99%,100%
POST,/invocations (stream),229496,24,770.0,1054.5501338888223,6.76887499997747,454301.47458400007,0.0,101.99803246440294,0.010666646822365839,770,920,1100,1200,1800,2200,3300,5600,36000,64000,454000
CUSTOM,TTFT,229472,0,990.0,1286.8353195158688,425.6274999999903,154309.740958,0.0,101.98736581758058,0.0,990,1300,1500,1700,2200,2700,3700,6000,36000,64000,154000
,Aggregated,458968,24,840.0,1170.6866534636363,6.76887499997747,454301.47458400007,0.0,203.98539828198352,0.010666646822365839,840,1100,1300,1500,2000,2500,3600,5800,36000,64000,454000
