Type,Name,Request Count,Failure Count,Median Response Time,Average Response Time,Min Response Time,Max Response Time,Average Content Size,Requests/s,Failures/s,50%,66%,75%,80%,90%,95%,98%,99%,99.9%,99.99%,100%
POST,/invocations (stream),51827,10,900.0,969.1694219019874,5.318500000001336,2865.097542000001,0.0,103.5944340105658,0.019988506764922878,900,980,1000,1100,1200,1500,1900,2000,2400,2600,2900
CUSTOM,TTFT,51817,0,1100.0,1213.04342873449,707.089332999999,3402.494708000006,0.0,103.57444550380087,0.0,1100,1300,1400,1500,1900,2300,2500,2700,3200,3300,3400
,Aggregated,103644,10,960.0,1091.094660333919,5.318500000001336,3402.494708000006,0.0,207.1688795143667,0.019988506764922878,960,1100,1200,1300,1600,2000,2300,2600,3000,3300,3400
