Type,Name,Request Count,Failure Count,Median Response Time,Average Response Time,Min Response Time,Max Response Time,Average Content Size,Requests/s,Failures/s,50%,66%,75%,80%,90%,95%,98%,99%,99.9%,99.99%,100%
POST,/invocations (stream),22270,8,1200.0,1212.6338369013454,10.65020799998706,4229.556666000008,0.0,44.506848705895734,0.015988091138175387,1200,1300,1400,1400,1600,1700,2800,3300,3900,4200,4200
CUSTOM,TTFT,22262,0,1700.0,1838.2300912614874,706.9456660000002,5448.770167000021,0.0,44.49086061475756,0.0,1700,2100,2300,2500,2900,3500,4400,4700,5200,5400,5400
,Aggregated,44532,8,1300.0,1525.3757711186609,10.65020799998706,5448.770167000021,0.0,88.99770932065329,0.015988091138175387,1300,1600,1800,2100,2500,3000,3800,4400,5100,5300,5400
