Type,Name,Request Count,Failure Count,Median Response Time,Average Response Time,Min Response Time,Max Response Time,Average Content Size,Requests/s,Failures/s,50%,66%,75%,80%,90%,95%,98%,99%,99.9%,99.99%,100%
POST,/invocations (stream),22682,8,1200.0,1206.0067751407198,8.569541999975172,3480.435249999971,0.0,45.32274388333004,0.015985448861063414,1200,1300,1400,1400,1600,1800,2500,2700,3200,3400,3500
CUSTOM,TTFT,22674,0,1700.0,1821.283303715008,721.2127920000003,4802.907833999996,0.0,45.30675843446898,0.0,1700,2100,2300,2500,2800,3400,3800,4100,4700,4800,4800
,Aggregated,45356,8,1300.0,1513.5907774533953,8.569541999975172,4802.907833999996,0.0,90.62950231779902,0.015985448861063414,1300,1600,1800,2100,2500,2900,3500,3800,4600,4800,4800
