Type,Name,Request Count,Failure Count,Median Response Time,Average Response Time,Min Response Time,Max Response Time,Average Content Size,Requests/s,Failures/s,50%,66%,75%,80%,90%,95%,98%,99%,99.9%,99.99%,100%
POST,/invocations (stream),22354,9,1200.0,1227.8699602121812,5.524166999975932,3267.9615829999875,0.0,44.68658082587612,0.017991376372590368,1200,1300,1400,1400,1600,1900,2500,2700,3100,3200,3300
CUSTOM,TTFT,22345,0,1800.0,1861.2726591013998,730.5292499999964,4694.6387909999885,0.0,44.668589449503536,0.0,1800,2200,2400,2500,2900,3400,3800,4000,4400,4600,4700
,Aggregated,44699,9,1300.0,1544.5075428578464,5.524166999975932,4694.6387909999885,0.0,89.35517027537965,0.017991376372590368,1300,1600,1900,2100,2500,2900,3500,3800,4300,4600,4700
