Type,Name,Request Count,Failure Count,Median Response Time,Average Response Time,Min Response Time,Max Response Time,Average Content Size,Requests/s,Failures/s,50%,66%,75%,80%,90%,95%,98%,99%,99.9%,99.99%,100%
POST,/invocations (stream),50543,6,900.0,969.7459665548699,6.648000000012644,3193.3802909999827,0.0,101.01998993144869,0.011992163891907725,900,1000,1100,1100,1200,1400,1600,2300,2800,3000,3200
CUSTOM,TTFT,50537,0,1100.0,1199.9587923043475,706.9678750000002,3777.7333750000253,0.0,101.00799776755679,0.0,1100,1300,1400,1500,1800,2000,2700,3000,3400,3700,3800
,Aggregated,101080,6,960.0,1084.8455468368534,6.648000000012644,3777.7333750000253,0.0,202.02798769900548,0.011992163891907725,960,1100,1200,1300,1600,1800,2400,2800,3400,3600,3800
