Type,Name,Request Count,Failure Count,Median Response Time,Average Response Time,Min Response Time,Max Response Time,Average Content Size,Requests/s,Failures/s,50%,66%,75%,80%,90%,95%,98%,99%,99.9%,99.99%,100%
POST,/invocations (stream),204587,11227,600.0,802.0770554123919,4.857958999991752,294370.57441600005,0.0,90.92305250984856,4.989530666797352,600,680,730,780,1000,1500,1700,1900,68000,150000,294000
CUSTOM,TTFT,193360,0,760.0,930.240534599801,429.2527919999998,75671.85041699998,0.0,85.93352184305121,0.0,760,900,1000,1100,1400,1700,2000,2300,36000,76000,76000
,Aggregated,397947,11227,660.0,864.3509017679781,4.857958999991752,294370.57441600005,0.0,176.85657435289977,4.989530666797352,660,780,880,960,1300,1600,1900,2200,44000,150000,294000
