Type,Name,Request Count,Failure Count,Median Response Time,Average Response Time,Min Response Time,Max Response Time,Average Content Size,Requests/s,Failures/s,50%,66%,75%,80%,90%,95%,98%,99%,99.9%,99.99%,100%
POST,/invocations (stream),22493,15,1100.0,1208.716085628372,7.866124999964086,3695.798374999981,0.0,44.93562237607351,0.029966404465438256,1100,1300,1400,1500,1600,1800,2600,2800,3300,3600,3700
CUSTOM,TTFT,22478,0,1700.0,1830.2699610917496,710.7054170000016,4686.356500000045,0.0,44.90565597160808,0.0,1700,2100,2400,2500,2900,3500,4000,4200,4500,4600,4700
,Aggregated,44971,15,1300.0,1519.3893642449355,7.866124999964086,4686.356500000045,0.0,89.8412783476816,0.029966404465438256,1300,1600,1800,2100,2600,2900,3700,4000,4500,4600,4700
