Type,Name,Request Count,Failure Count,Median Response Time,Average Response Time,Min Response Time,Max Response Time,Average Content Size,Requests/s,Failures/s,50%,66%,75%,80%,90%,95%,98%,99%,99.9%,99.99%,100%
POST,/invocations (stream),23476,12,1200.0,1375.5819386306966,6.823917000005508,5148.16945900003,0.0,46.89559302867505,0.023971166993699975,1200,1300,1600,2000,2500,2800,3300,3500,4500,5000,5100
CUSTOM,TTFT,23464,0,1800.0,1978.6448959830461,709.0413330000018,6035.413417000029,0.0,46.871621861681355,0.0,1800,2400,2900,3100,3500,3800,4500,4900,5700,5900,6000
,Aggregated,46940,12,1300.0,1677.0363321397563,6.823917000005508,6035.413417000029,0.0,93.76721489035641,0.023971166993699975,1300,1900,2300,2500,3200,3500,4000,4500,5500,5900,6000
