Type,Name,Request Count,Failure Count,Median Response Time,Average Response Time,Min Response Time,Max Response Time,Average Content Size,Requests/s,Failures/s,50%,66%,75%,80%,90%,95%,98%,99%,99.9%,99.99%,100%
POST,/invocations (stream),22326,2,1100.0,1226.7986085905716,15.19445900004257,4275.113916999999,0.0,44.60775061700841,0.003996036067097412,1100,1300,1400,1500,1600,2000,2800,3000,3600,4200,4300
CUSTOM,TTFT,22324,0,1700.0,1852.0654109186164,709.8486249999994,5919.676166999978,0.0,44.60375458094132,0.0,1700,2200,2400,2500,2900,3700,4100,4400,5300,5800,5900
,Aggregated,44650,2,1300.0,1539.4180060188078,15.19445900004257,5919.676166999978,0.0,89.21150519794973,0.003996036067097412,1300,1600,1900,2100,2600,3000,3800,4100,4800,5800,5900
