Type,Name,Request Count,Failure Count,Median Response Time,Average Response Time,Min Response Time,Max Response Time,Average Content Size,Requests/s,Failures/s,50%,66%,75%,80%,90%,95%,98%,99%,99.9%,99.99%,100%
POST,/invocations (stream),49431,11,920.0,984.7609670944674,5.021957999986171,3452.135208999948,0.0,98.81690115244554,0.02198996404436287,920,1000,1100,1100,1200,1400,2100,2400,3000,3300,3500
CUSTOM,TTFT,49420,0,1100.0,1236.8671012724417,713.2736659999991,4102.842458999987,0.0,98.79491118840119,0.0,1100,1300,1500,1500,1800,2300,2900,3200,3800,4000,4100
,Aggregated,98851,11,980.0,1110.8000071757606,5.021957999986171,4102.842458999987,0.0,197.6118123408467,0.02198996404436287,980,1100,1200,1300,1600,2000,2600,2900,3700,4000,4100
