Type,Name,Request Count,Failure Count,Median Response Time,Average Response Time,Min Response Time,Max Response Time,Average Content Size,Requests/s,Failures/s,50%,66%,75%,80%,90%,95%,98%,99%,99.9%,99.99%,100%
POST,/invocations (stream),50562,7,910.0,970.9573863657408,9.604040999988683,3404.324208000048,0.0,101.07817441952096,0.013993655728346323,910,1000,1100,1100,1200,1400,1900,2300,2800,3200,3400
CUSTOM,TTFT,50555,0,1100.0,1206.207120681491,707.9247090000002,4152.088208000009,0.0,101.06418076379262,0.0,1100,1300,1400,1500,1800,2100,2700,3000,3700,3900,4200
,Aggregated,101117,7,970.0,1088.574110737826,9.604040999988683,4152.088208000009,0.0,202.14235518331358,0.013993655728346323,970,1100,1200,1300,1600,1900,2400,2800,3500,3800,4200
