Type,Name,Request Count,Failure Count,Median Response Time,Average Response Time,Min Response Time,Max Response Time,Average Content Size,Requests/s,Failures/s,50%,66%,75%,80%,90%,95%,98%,99%,99.9%,99.99%,100%
POST,/invocations (stream),23335,3,1100.0,1438.8853239570217,8.606792000023233,5567.104125000014,0.0,46.63703440966356,0.005995761869680339,1100,1400,1700,1900,2200,3400,4700,5000,5400,5500,5600
CUSTOM,TTFT,23332,0,1800.0,2035.780737309007,711.3940830000018,7295.8854159999755,0.0,46.631038647793886,0.0,1800,2300,2700,2800,3200,4800,5800,6000,6900,7200,7300
,Aggregated,46667,3,1300.0,1737.3138448460559,8.606792000023233,7295.8854159999755,0.0,93.26807305745746,0.005995761869680339,1300,1900,2200,2400,3000,3900,5400,5800,6600,7200,7300
