Type,Name,Request Count,Failure Count,Median Response Time,Average Response Time,Min Response Time,Max Response Time,Average Content Size,Requests/s,Failures/s,50%,66%,75%,80%,90%,95%,98%,99%,99.9%,99.99%,100%
POST,/invocations (stream),198164,24667,530.0,946.9715828277555,2.812583000007862,716535.115916,0.0,88.04958710443219,10.960210558451731,530,600,690,780,1100,1500,1800,2500,104000,287000,717000
CUSTOM,TTFT,173497,0,610.0,876.7604822400485,399.7474999999895,77140.14100000009,0.0,77.08937654598046,0.0,610,740,860,940,1300,1600,2000,2500,36000,76000,77000
,Aggregated,371661,24667,560.0,914.1959746292634,2.812583000007862,716535.115916,0.0,165.13896365041265,10.960210558451731,560,660,780,880,1200,1600,1900,2500,75000,269000,717000
