Type,Name,Request Count,Failure Count,Median Response Time,Average Response Time,Min Response Time,Max Response Time,Average Content Size,Requests/s,Failures/s,50%,66%,75%,80%,90%,95%,98%,99%,99.9%,99.99%,100%
POST,/invocations (stream),24669,7,1200.0,1441.8980066585552,11.052917000029083,6628.621792000047,0.0,49.27954227362855,0.013983412214333774,1200,1300,1700,1900,2400,3000,5200,5700,6300,6500,6600
CUSTOM,TTFT,24662,0,1800.0,2010.4065762111738,716.5303330000015,8185.59587499999,0.0,49.26555886141421,0.0,1800,2400,2800,2900,3300,3900,6400,6700,7900,8100,8200
,Aggregated,49331,7,1300.0,1726.1119561488745,11.052917000029083,8185.59587499999,0.0,98.54510113504277,0.013983412214333774,1300,1900,2200,2500,3100,3600,5800,6400,7300,8100,8200
