Type,Name,Request Count,Failure Count,Median Response Time,Average Response Time,Min Response Time,Max Response Time,Average Content Size,Requests/s,Failures/s,50%,66%,75%,80%,90%,95%,98%,99%,99.9%,99.99%,100%
POST,/invocations (stream),52426,12,910.0,990.5607249589547,5.34262499999727,3001.6322080000464,0.0,104.78369322861235,0.023984364985757987,910,1000,1100,1100,1300,1600,2000,2100,2400,2800,3000
CUSTOM,TTFT,52414,0,1100.0,1235.3203115945928,709.7620830000011,3532.4977499999477,0.0,104.7597088636266,0.0,1100,1300,1400,1600,1900,2300,2600,2700,3100,3400,3500
,Aggregated,104840,12,980.0,1112.9265106697585,5.34262499999727,3532.4977499999477,0.0,209.54340209223895,0.023984364985757987,980,1100,1200,1300,1700,2000,2400,2600,3000,3400,3500
