Type,Name,Request Count,Failure Count,Median Response Time,Average Response Time,Min Response Time,Max Response Time,Average Content Size,Requests/s,Failures/s,50%,66%,75%,80%,90%,95%,98%,99%,99.9%,99.99%,100%
POST,/invocations (stream),22544,10,1100.0,1202.2928554447324,9.952999999995882,4010.5735420000315,0.0,45.062200182582366,0.019988555794261162,1100,1300,1400,1400,1600,1700,2600,3000,3800,4000,4000
CUSTOM,TTFT,22534,0,1700.0,1819.3772424306842,708.8740840000014,5560.156208999956,0.0,45.0422116267881,0.0,1700,2100,2300,2400,2800,3400,4100,4500,5200,5500,5600
,Aggregated,45078,10,1300.0,1510.7666026460697,9.952999999995882,5560.156208999956,0.0,90.10441180937048,0.019988555794261162,1300,1600,1800,2000,2500,2900,3600,4100,5100,5400,5600
