Type,Name,Request Count,Failure Count,Median Response Time,Average Response Time,Min Response Time,Max Response Time,Average Content Size,Requests/s,Failures/s,50%,66%,75%,80%,90%,95%,98%,99%,99.9%,99.99%,100%
POST,/invocations (stream),49950,11,920.0,988.2620815916142,4.02145800001108,2785.079499999995,0.0,99.85549005829688,0.02199019801083615,920,1000,1100,1100,1200,1400,2000,2100,2500,2700,2800
CUSTOM,TTFT,49939,0,1100.0,1232.5556059179617,726.806250000001,3557.1948329999827,0.0,99.83349986028605,0.0,1100,1300,1500,1600,1900,2200,2600,2800,3300,3500,3600
,Aggregated,99889,11,990.0,1110.3953926802574,4.02145800001108,3557.1948329999827,0.0,199.68898991858293,0.02199019801083615,990,1100,1200,1300,1600,2000,2300,2600,3200,3500,3600
