Type,Name,Request Count,Failure Count,Median Response Time,Average Response Time,Min Response Time,Max Response Time,Average Content Size,Requests/s,Failures/s,50%,66%,75%,80%,90%,95%,98%,99%,99.9%,99.99%,100%
POST,/invocations (stream),22153,16,1100.0,1254.071236144579,5.575666999988016,3427.824957999974,0.0,44.276556260677324,0.03197873426492291,1100,1300,1400,1500,1800,2500,2700,2900,3200,3400,3400
CUSTOM,TTFT,22137,0,1700.0,1892.030408780191,721.230791,5714.342875,0.0,44.2445775264124,0.0,1700,2200,2400,2600,3400,3700,4000,4100,4500,5700,5700
,Aggregated,44290,16,1300.0,1572.9355893763304,5.575666999988016,5714.342875,0.0,88.52113378708972,0.03197873426492291,1300,1600,2000,2200,2700,3400,3800,4000,4400,5700,5700
