Type,Name,Request Count,Failure Count,Median Response Time,Average Response Time,Min Response Time,Max Response Time,Average Content Size,Requests/s,Failures/s,50%,66%,75%,80%,90%,95%,98%,99%,99.9%,99.99%,100%
POST,/invocations (stream),49679,13,920.0,982.8473991668069,7.829292000010923,3300.547999999992,0.0,99.26369751832063,0.025975322927960873,920,1000,1100,1100,1200,1400,2100,2300,2700,2900,3300
CUSTOM,TTFT,49666,0,1100.0,1232.7366390794684,712.594541999998,3818.8223329999573,0.0,99.23772219539266,0.0,1100,1300,1400,1500,1800,2300,2900,3000,3400,3700,3800
,Aggregated,99345,13,980.0,1107.7756692307416,7.829292000010923,3818.8223329999573,0.0,198.5014197137133,0.025975322927960873,980,1100,1200,1300,1600,2000,2600,2900,3300,3600,3800
