Type,Name,Request Count,Failure Count,Median Response Time,Average Response Time,Min Response Time,Max Response Time,Average Content Size,Requests/s,Failures/s,50%,66%,75%,80%,90%,95%,98%,99%,99.9%,99.99%,100%
POST,/invocations (stream),51016,15,910.0,974.654503877133,8.382167000007712,2950.1303339999936,0.0,101.9532562249734,0.02997684732975147,910,1000,1100,1100,1200,1400,2000,2300,2700,2900,3000
CUSTOM,TTFT,51001,0,1100.0,1202.322489733121,717.3026250000003,3706.8552910000108,0.0,101.92327937764365,0.0,1100,1300,1400,1500,1800,2100,2700,3000,3400,3600,3700
,Aggregated,102017,15,960.0,1088.4717593016403,8.382167000007712,3706.8552910000108,0.0,203.87653560261705,0.02997684732975147,960,1100,1200,1300,1600,1900,2400,2700,3400,3600,3700
