Type,Name,Request Count,Failure Count,Median Response Time,Average Response Time,Min Response Time,Max Response Time,Average Content Size,Requests/s,Failures/s,50%,66%,75%,80%,90%,95%,98%,99%,99.9%,99.99%,100%
POST,/invocations (stream),48398,15,910.0,995.9777837917218,4.711624999998776,3816.9260000000236,0.0,96.7511332416057,0.02998609443828434,910,1000,1100,1100,1300,1400,2000,2400,3100,3700,3800
CUSTOM,TTFT,48383,0,1100.0,1229.334951368659,698.7631250000002,4494.461750000028,0.0,96.72114714716741,0.0,1100,1300,1500,1600,1800,2100,2900,3200,3800,4400,4500
,Aggregated,96781,15,980.0,1112.6382836716168,4.711624999998776,4494.461750000028,0.0,193.4722803887731,0.02998609443828434,980,1100,1300,1400,1600,1900,2500,2900,3700,4400,4500
