Type,Name,Request Count,Failure Count,Median Response Time,Average Response Time,Min Response Time,Max Response Time,Average Content Size,Requests/s,Failures/s,50%,66%,75%,80%,90%,95%,98%,99%,99.9%,99.99%,100%
POST,/invocations (stream),71031,240,820.0,2466.5337329713616,6.6767499999969,1146620.2383329999,0.0,31.557065040368677,0.10662521447943127,820,930,1000,1100,1500,1900,3300,24000,283000,951000,1147000
CUSTOM,TTFT,70791,0,1200.0,1953.680284662893,431.4792499999953,369587.23366699996,0.0,31.450439825889248,0.0,1200,1400,1600,1700,2000,2400,3400,9400,170000,295000,370000
,Aggregated,141822,240,960.0,2210.5409500518663,6.6767499999969,1146620.2383329999,0.0,63.007504866257925,0.10662521447943127,960,1200,1400,1500,1900,2300,3400,15000,225000,949000,1147000
