Type,Name,Request Count,Failure Count,Median Response Time,Average Response Time,Min Response Time,Max Response Time,Average Content Size,Requests/s,Failures/s,50%,66%,75%,80%,90%,95%,98%,99%,99.9%,99.99%,100%
POST,/invocations (stream),22696,5,1200.0,1219.8313702448356,13.039291999973557,3224.922958000036,0.0,45.35380871899711,0.009991586340984559,1200,1300,1400,1400,1700,2200,2400,2600,2900,3000,3200
CUSTOM,TTFT,22691,0,1700.0,1836.984641028424,719.0959170000007,4686.564792000013,0.0,45.34381713265612,0.0,1700,2100,2400,2500,3000,3400,3700,3800,4200,4500,4700
,Aggregated,45387,5,1300.0,1528.3740116917518,13.039291999973557,4686.564792000013,0.0,90.69762585165323,0.009991586340984559,1300,1600,1900,2100,2600,3000,3500,3700,4100,4500,4700
