Type,Name,Request Count,Failure Count,Median Response Time,Average Response Time,Min Response Time,Max Response Time,Average Content Size,Requests/s,Failures/s,50%,66%,75%,80%,90%,95%,98%,99%,99.9%,99.99%,100%
POST,/invocations (stream),50641,9,910.0,981.5932389237598,4.7705839999991895,3098.894040999994,0.0,101.23745223260782,0.01799208289910291,910,990,1000,1100,1200,1600,2000,2200,2700,3000,3100
CUSTOM,TTFT,50632,0,1100.0,1236.5875356577992,701.3489170000007,3754.4216670000023,0.0,101.21946014970872,0.0,1100,1300,1400,1500,1900,2400,2600,2900,3300,3500,3800
,Aggregated,101273,9,970.0,1109.0790567847653,4.7705839999991895,3754.4216670000023,0.0,202.45691238231655,0.01799208289910291,970,1100,1200,1300,1700,2100,2500,2700,3200,3500,3800
