Type,Name,Request Count,Failure Count,Median Response Time,Average Response Time,Min Response Time,Max Response Time,Average Content Size,Requests/s,Failures/s,50%,66%,75%,80%,90%,95%,98%,99%,99.9%,99.99%,100%
POST,/invocations (stream),108022,14,870.0,913.7835332635266,7.754959000067174,6168.050457999925,0.0,47.99259898468615,0.006219995795167707,870,1000,1100,1200,1300,1500,2200,2500,3200,4500,6200
CUSTOM,TTFT,108008,0,1500.0,1538.228065953488,433.6833330000047,7487.21070900001,0.0,47.986378988890976,0.0,1500,1900,2100,2200,2600,3000,3600,3900,4500,5600,7500
,Aggregated,216030,14,1000.0,1225.9855657903815,7.754959000067174,7487.21070900001,0.0,95.97897797357713,0.006219995795167707,1000,1300,1600,1800,2300,2600,3100,3600,4400,5200,7500
