Type,Name,Request Count,Failure Count,Median Response Time,Average Response Time,Min Response Time,Max Response Time,Average Content Size,Requests/s,Failures/s,50%,66%,75%,80%,90%,95%,98%,99%,99.9%,99.99%,100%
POST,/invocations (stream),22735,10,1100.0,1203.4792865281267,7.457875000000058,3953.8181659999623,0.0,45.447589785917685,0.019990142857232322,1100,1300,1400,1400,1600,1800,2700,3100,3600,3800,4000
CUSTOM,TTFT,22725,0,1700.0,1809.4634153379498,716.0282919999999,5455.31970799999,0.0,45.427599643060454,0.0,1700,2100,2300,2500,2800,3400,4200,4500,4900,5100,5500
,Aggregated,45460,10,1300.0,1506.4047006769156,7.457875000000058,5455.31970799999,0.0,90.87518942897813,0.019990142857232322,1300,1600,1800,2000,2500,2900,3700,4200,4800,5100,5500
