Type,Name,Request Count,Failure Count,Median Response Time,Average Response Time,Min Response Time,Max Response Time,Average Content Size,Requests/s,Failures/s,50%,66%,75%,80%,90%,95%,98%,99%,99.9%,99.99%,100%
POST,/invocations (stream),22373,9,1100.0,1205.7615041989902,7.720583000001113,4101.722415999973,0.0,44.71783607417481,0.01798867048082838,1100,1300,1400,1400,1600,1700,2700,3100,3800,4000,4100
CUSTOM,TTFT,22364,0,1700.0,1824.0541529518864,715.5519579999998,5920.450582999991,0.0,44.69984740369398,0.0,1700,2100,2400,2500,2800,3400,4200,4500,5300,5800,5900
,Aggregated,44737,9,1300.0,1514.8456358285082,7.720583000001113,5920.450582999991,0.0,89.41768347786879,0.01798867048082838,1300,1600,1800,2100,2500,2900,3700,4200,5100,5800,5900
