Type,Name,Request Count,Failure Count,Median Response Time,Average Response Time,Min Response Time,Max Response Time,Average Content Size,Requests/s,Failures/s,50%,66%,75%,80%,90%,95%,98%,99%,99.9%,99.99%,100%
POST,/invocations (stream),22954,4,1100.0,1214.1490297811708,7.245874999995294,3300.4395829999567,0.0,45.891798524491605,0.00799717670549649,1100,1300,1400,1500,1700,2100,2400,2600,2900,3200,3300
CUSTOM,TTFT,22950,0,1700.0,1826.6777070072233,712.9347500000023,4582.022375000008,0.0,45.88380134778611,0.0,1700,2200,2400,2500,3000,3400,3700,3900,4300,4500,4600
,Aggregated,45904,4,1300.0,1520.386681017182,7.245874999995294,4582.022375000008,0.0,91.77559987227772,0.00799717670549649,1300,1600,1900,2100,2500,3000,3500,3700,4200,4500,4600
