Type,Name,Request Count,Failure Count,Median Response Time,Average Response Time,Min Response Time,Max Response Time,Average Content Size,Requests/s,Failures/s,50%,66%,75%,80%,90%,95%,98%,99%,99.9%,99.99%,100%
POST,/invocations (stream),51327,8,910.0,992.4169774360247,8.955415999992056,2828.270875000044,0.0,102.58233125756185,0.015988829467151692,910,990,1000,1100,1300,1600,2100,2300,2600,2800,2800
CUSTOM,TTFT,51319,0,1100.0,1241.2879487006498,704.0429580000005,3503.334582999969,0.0,102.5663424280947,0.0,1100,1300,1400,1500,2000,2500,2700,2900,3200,3400,3500
,Aggregated,102646,8,970.0,1116.84276484449,8.955415999992056,3503.334582999969,0.0,205.14867368565655,0.015988829467151692,970,1100,1200,1300,1700,2200,2600,2700,3100,3400,3500
