Type,Name,Request Count,Failure Count,Median Response Time,Average Response Time,Min Response Time,Max Response Time,Average Content Size,Requests/s,Failures/s,50%,66%,75%,80%,90%,95%,98%,99%,99.9%,99.99%,100%
POST,/invocations (stream),48325,15,920.0,992.4900246369593,7.184249999966141,3567.328166999971,0.0,96.61999404134788,0.029990686200107978,920,1000,1100,1100,1300,1400,1700,2400,3200,3500,3600
CUSTOM,TTFT,48310,0,1100.0,1232.6319829723234,708.1004590000007,4464.831500000002,0.0,96.59000335514777,0.0,1100,1300,1500,1600,1800,2100,2900,3200,3900,4200,4500
,Aggregated,96635,15,980.0,1112.542365995486,7.184249999966141,4464.831500000002,0.0,193.20999739649565,0.029990686200107978,980,1100,1300,1300,1600,1900,2500,2900,3800,4100,4500
