Type,Name,Request Count,Failure Count,Median Response Time,Average Response Time,Min Response Time,Max Response Time,Average Content Size,Requests/s,Failures/s,50%,66%,75%,80%,90%,95%,98%,99%,99.9%,99.99%,100%
POST,/invocations (stream),22441,18,1200.0,1236.851301889259,7.71649999995816,3597.135667000032,0.0,44.84810686921725,0.03597281420818638,1200,1300,1400,1500,1700,2300,2600,2800,3300,3600,3600
CUSTOM,TTFT,22423,0,1800.0,1871.0052193685076,713.9234590000001,4930.370332999984,0.0,44.81213405500906,0.0,1800,2200,2400,2600,3100,3600,3900,4000,4600,4900,4900
,Aggregated,44864,18,1300.0,1553.8010453726195,7.71649999995816,4930.370332999984,0.0,89.6602409242263,0.03597281420818638,1300,1600,2000,2100,2600,3100,3700,3900,4400,4800,4900
