Type,Name,Request Count,Failure Count,Median Response Time,Average Response Time,Min Response Time,Max Response Time,Average Content Size,Requests/s,Failures/s,50%,66%,75%,80%,90%,95%,98%,99%,99.9%,99.99%,100%
POST,/invocations (stream),23924,3,1100.0,1157.0925915814648,5.0167910000027405,5241.238124999995,0.0,47.765837394443054,0.0059896970482916385,1100,1200,1300,1400,1800,2000,2200,2400,5000,5200,5200
CUSTOM,TTFT,23921,0,1600.0,1748.1507944146122,666.5567080000017,5715.146625000003,0.0,47.75984769739476,0.0,1600,2000,2300,2500,2900,3200,3400,3500,5000,5300,5700
,Aggregated,47845,3,1200.0,1452.6031625914259,5.0167910000027405,5715.146625000003,0.0,95.52568509183781,0.0059896970482916385,1200,1500,1900,2000,2500,2900,3300,3400,5000,5300,5700
