Type,Name,Request Count,Failure Count,Median Response Time,Average Response Time,Min Response Time,Max Response Time,Average Content Size,Requests/s,Failures/s,50%,66%,75%,80%,90%,95%,98%,99%,99.9%,99.99%,100%
POST,/invocations (stream),48623,19,930.0,1002.0901577890558,5.362208000008195,3607.3492080000165,0.0,97.17927303014038,0.0379739256642467,930,1000,1100,1100,1300,1400,1900,2400,3100,3600,3600
CUSTOM,TTFT,48604,0,1100.0,1240.6210337597845,715.8855839999987,4320.682499999975,0.0,97.14129910447613,0.0,1100,1300,1500,1600,1800,2200,2900,3200,3900,4300,4300
,Aggregated,97227,19,990.0,1121.3322890456275,5.362208000008195,4320.682499999975,0.0,194.32057213461653,0.0379739256642467,990,1100,1300,1400,1600,1900,2500,2900,3700,4200,4300
