Type,Name,Request Count,Failure Count,Median Response Time,Average Response Time,Min Response Time,Max Response Time,Average Content Size,Requests/s,Failures/s,50%,66%,75%,80%,90%,95%,98%,99%,99.9%,99.99%,100%
POST,/invocations (stream),25942,2,1100.0,1119.865258565771,4.64675000000625,3036.1428329999853,0.0,51.87878869944334,0.003999598234480251,1100,1200,1300,1400,1600,1800,2000,2100,2400,2700,3000
CUSTOM,TTFT,25940,0,1600.0,1674.4199457522864,664.0365829999979,3902.628625000034,0.0,51.87478910120886,0.0,1600,2000,2200,2300,2700,2900,3100,3200,3500,3800,3900
,Aggregated,51882,2,1200.0,1397.131913390516,4.64675000000625,3902.628625000034,0.0,103.7535778006522,0.003999598234480251,1200,1500,1800,1900,2300,2700,2900,3100,3400,3600,3900
