Type,Name,Request Count,Failure Count,Median Response Time,Average Response Time,Min Response Time,Max Response Time,Average Content Size,Requests/s,Failures/s,50%,66%,75%,80%,90%,95%,98%,99%,99.9%,99.99%,100%
POST,/invocations (stream),25283,3,1100.0,1114.6852743333468,8.964542000001074,3133.102500000007,0.0,50.56623311345184,0.006000027660497389,1100,1200,1300,1400,1600,1800,2000,2100,2500,2800,3100
CUSTOM,TTFT,25280,0,1600.0,1676.7460891571557,670.1300840000001,4340.632292000009,0.0,50.56023308579134,0.0,1600,2000,2200,2400,2700,2900,3100,3200,3600,4200,4300
,Aggregated,50563,3,1200.0,1395.6990076708869,8.964542000001074,4340.632292000009,0.0,101.12646619924317,0.006000027660497389,1200,1500,1700,1900,2400,2700,3000,3100,3500,3800,4300
