Type,Name,Request Count,Failure Count,Median Response Time,Average Response Time,Min Response Time,Max Response Time,Average Content Size,Requests/s,Failures/s,50%,66%,75%,80%,90%,95%,98%,99%,99.9%,99.99%,100%
POST,/invocations (stream),22115,7,1200.0,1228.492067458156,6.18387499999784,3708.575209000003,0.0,44.19978041670111,0.013990434678585021,1200,1300,1400,1500,1600,1900,2700,3000,3400,3600,3700
CUSTOM,TTFT,22108,0,1800.0,1872.0002633377958,709.992916,5297.558332999984,0.0,44.18578998202252,0.0,1800,2200,2400,2500,3000,3700,4200,4300,4700,5100,5300
,Aggregated,44223,7,1300.0,1550.1952353686797,6.18387499999784,5297.558332999984,0.0,88.38557039872363,0.013990434678585021,1300,1600,1900,2100,2600,3100,3800,4200,4600,5100,5300
