Type,Name,Request Count,Failure Count,Median Response Time,Average Response Time,Min Response Time,Max Response Time,Average Content Size,Requests/s,Failures/s,50%,66%,75%,80%,90%,95%,98%,99%,99.9%,99.99%,100%
POST,/invocations (stream),22441,10,1200.0,1532.0276356660593,5.997833000009223,7353.11866699999,0.0,44.821753456923446,0.019973153360778685,1200,1400,1800,2000,2400,3800,5500,5800,6800,7300,7400
CUSTOM,TTFT,22431,0,1900.0,2159.475401767279,709.9577079999992,8563.82062499995,0.0,44.80178030356267,0.0,1900,2600,2800,3000,3400,5300,6600,6900,8300,8500,8600
,Aggregated,44872,10,1400.0,1845.6816034280585,5.997833000009223,8563.82062499995,0.0,89.62353376048611,0.019973153360778685,1400,2000,2300,2600,3200,4500,6300,6700,8000,8500,8600
