Type,Name,Request Count,Failure Count,Median Response Time,Average Response Time,Min Response Time,Max Response Time,Average Content Size,Requests/s,Failures/s,50%,66%,75%,80%,90%,95%,98%,99%,99.9%,99.99%,100%
POST,/invocations (stream),50094,14,900.0,970.8106588038487,7.378000000016982,3570.590750000008,0.0,100.1094089737554,0.027978035805337476,900,990,1100,1100,1200,1300,1800,2400,3000,3300,3600
CUSTOM,TTFT,50080,0,1100.0,1204.6826168382809,712.1657920000005,3919.0737910000166,0.0,100.08143093795005,0.0,1100,1300,1400,1500,1800,2100,2900,3200,3700,3900,3900
,Aggregated,100174,14,960.0,1087.730295220119,7.378000000016982,3919.0737910000166,0.0,200.19083991170544,0.027978035805337476,960,1100,1200,1300,1600,1800,2600,2900,3600,3800,3900
