Type,Name,Request Count,Failure Count,Median Response Time,Average Response Time,Min Response Time,Max Response Time,Average Content Size,Requests/s,Failures/s,50%,66%,75%,80%,90%,95%,98%,99%,99.9%,99.99%,100%
POST,/invocations (stream),50255,16,910.0,972.4830696899852,8.015499999999065,3328.739832999986,0.0,100.44540870415612,0.03197943566344638,910,1000,1100,1100,1200,1300,1700,2400,2900,3100,3300
CUSTOM,TTFT,50239,0,1100.0,1215.684233052296,704.7048750000009,4117.463833000045,0.0,100.41342926849268,0.0,1100,1300,1400,1500,1800,2100,2800,3100,3600,4000,4100
,Aggregated,100494,16,970.0,1094.0642909187072,8.015499999999065,4117.463833000045,0.0,200.85883797264881,0.03197943566344638,970,1100,1200,1300,1600,1900,2500,2800,3500,3900,4100
