Type,Name,Request Count,Failure Count,Median Response Time,Average Response Time,Min Response Time,Max Response Time,Average Content Size,Requests/s,Failures/s,50%,66%,75%,80%,90%,95%,98%,99%,99.9%,99.99%,100%
POST,/invocations (stream),48295,23,910.0,991.1162205508765,6.007041999993135,3776.2158330000375,0.0,96.51434104824214,0.04596396819773412,910,1000,1100,1100,1300,1400,1700,2500,3300,3700,3800
CUSTOM,TTFT,48272,0,1100.0,1227.100382826264,713.5272920000002,4504.027874999963,0.0,96.46837708004442,0.0,1100,1300,1500,1600,1800,2000,3000,3300,4100,4500,4500
,Aggregated,96567,23,980.0,1109.080198735537,6.007041999993135,4504.027874999963,0.0,192.98271812828656,0.04596396819773412,980,1100,1200,1300,1600,1900,2600,3000,4000,4400,4500
