Type,Name,Request Count,Failure Count,Median Response Time,Average Response Time,Min Response Time,Max Response Time,Average Content Size,Requests/s,Failures/s,50%,66%,75%,80%,90%,95%,98%,99%,99.9%,99.99%,100%
POST,/invocations (stream),111892,1227,680.0,743.8789122180316,3.963708000128463,202406.05208300008,0.0,49.72289026695973,0.5452578053619526,680,760,810,840,940,1100,1600,1900,3400,85000,202000
CUSTOM,TTFT,110665,0,970.0,1029.689760098426,426.1996669999917,75560.55004099994,0.0,49.17763246159778,0.0,970,1200,1300,1400,1600,1800,2200,2400,3600,75000,76000
,Aggregated,222557,1227,750.0,885.9964707791537,3.963708000128463,202406.05208300008,0.0,98.90052272855752,0.5452578053619526,750,900,1000,1100,1400,1700,2000,2300,3500,76000,202000
