Type,Name,Request Count,Failure Count,Median Response Time,Average Response Time,Min Response Time,Max Response Time,Average Content Size,Requests/s,Failures/s,50%,66%,75%,80%,90%,95%,98%,99%,99.9%,99.99%,100%
POST,/invocations (stream),22058,11,1200.0,1221.1514183895144,9.329084000000876,4134.026333999998,0.0,44.072961196721984,0.021978537182153497,1200,1300,1400,1500,1600,1800,2900,3300,3800,4100,4100
CUSTOM,TTFT,22047,0,1800.0,1854.3850360706695,710.6166250000001,6122.287958000015,0.0,44.050982659539834,0.0,1800,2100,2400,2500,2900,3600,4400,4700,5100,5400,6100
,Aggregated,44105,11,1300.0,1537.6892614688904,9.329084000000876,6122.287958000015,0.0,88.12394385626182,0.021978537182153497,1300,1600,1900,2100,2600,3000,3900,4400,5100,5300,6100
