Type,Name,Request Count,Failure Count,Median Response Time,Average Response Time,Min Response Time,Max Response Time,Average Content Size,Requests/s,Failures/s,50%,66%,75%,80%,90%,95%,98%,99%,99.9%,99.99%,100%
POST,/invocations (stream),22396,12,1100.0,1238.627862428293,11.678208000034829,3465.4416249999827,0.0,44.764059603338445,0.02398502925701292,1100,1300,1400,1500,1700,2200,2600,2700,2900,3500,3500
CUSTOM,TTFT,22384,0,1700.0,1860.1035102976161,719.8120830000007,5213.059874999999,0.0,44.74007457408143,0.0,1700,2200,2400,2600,3100,3500,3700,3900,4600,5100,5200
,Aggregated,44780,12,1300.0,1549.2824158429255,11.678208000034829,5213.059874999999,0.0,89.50413417741987,0.02398502925701292,1300,1600,1900,2200,2600,3100,3600,3700,4300,5000,5200
