Type,Name,Request Count,Failure Count,Median Response Time,Average Response Time,Min Response Time,Max Response Time,Average Content Size,Requests/s,Failures/s,50%,66%,75%,80%,90%,95%,98%,99%,99.9%,99.99%,100%
POST,/invocations (stream),24923,6,1100.0,1132.6758627552013,3.450499999985368,3295.0561249999737,0.0,49.75816529008042,0.011978854541607452,1100,1200,1300,1400,1600,1900,2100,2200,2600,3200,3300
CUSTOM,TTFT,24917,0,1600.0,1700.7434510115156,667.7719999999994,4838.86320900001,0.0,49.74618643553881,0.0,1600,2000,2200,2400,2800,3000,3200,3300,3700,4300,4800
,Aggregated,49840,6,1200.0,1416.6754634089532,3.450499999985368,4838.86320900001,0.0,99.50435172561923,0.011978854541607452,1200,1500,1800,1900,2400,2800,3100,3200,3600,4100,4800
