Type,Name,Request Count,Failure Count,Median Response Time,Average Response Time,Min Response Time,Max Response Time,Average Content Size,Requests/s,Failures/s,50%,66%,75%,80%,90%,95%,98%,99%,99.9%,99.99%,100%
POST,/invocations (stream),24701,9,1200.0,1475.4636407387868,8.77483299996129,8058.150082999987,0.0,49.347955104819015,0.017980308325305498,1200,1300,1700,1900,2300,3300,6200,6700,7900,8000,8100
CUSTOM,TTFT,24692,0,1800.0,2040.0899845263218,716.9030829999998,8864.424541999995,0.0,49.32997479649371,0.0,1800,2400,2700,2900,3200,4300,7000,8200,8600,8800,8900
,Aggregated,49393,9,1300.0,1757.7253717695646,8.77483299996129,8864.424541999995,0.0,98.67792990131272,0.017980308325305498,1300,1900,2200,2500,3000,3800,6500,7500,8500,8700,8900
