Type,Name,Request Count,Failure Count,Median Response Time,Average Response Time,Min Response Time,Max Response Time,Average Content Size,Requests/s,Failures/s,50%,66%,75%,80%,90%,95%,98%,99%,99.9%,99.99%,100%
POST,/invocations (stream),51778,21,910.0,979.5645000547877,4.535708000048544,3129.4521250000003,0.0,103.48919277236674,0.041972904481047964,910,990,1000,1100,1200,1500,2000,2100,2400,3100,3100
CUSTOM,TTFT,51757,0,1100.0,1227.0709099745463,706.4412089999994,3567.665333999969,0.0,103.44721986788569,0.0,1100,1300,1400,1500,1900,2300,2600,2700,3300,3500,3600
,Aggregated,103535,21,980.0,1103.2926041569533,4.535708000048544,3567.665333999969,0.0,206.93641264025243,0.041972904481047964,980,1100,1200,1300,1600,2000,2400,2600,3100,3500,3600
