Type,Name,Request Count,Failure Count,Median Response Time,Average Response Time,Min Response Time,Max Response Time,Average Content Size,Requests/s,Failures/s,50%,66%,75%,80%,90%,95%,98%,99%,99.9%,99.99%,100%
POST,/invocations (stream),127713,328,640.0,2281.9031161774737,4.499165999959587,799212.479583,0.0,57.03977201519867,0.14649288029398075,640,830,1700,1800,1900,2000,2500,3300,342000,623000,799000
CUSTOM,TTFT,127385,0,730.0,1516.4409618295283,430.78312500000493,402610.5445419998,0.0,56.89327913490469,0.0,730,1000,1700,1800,2000,2200,2700,3200,187000,244000,403000
,Aggregated,255098,328,680.0,1899.6641471082728,4.499165999959587,799212.479583,0.0,113.93305115010337,0.14649288029398075,680,960,1700,1800,1900,2100,2600,3200,230000,526000,799000
